,Description,Test,Difference,Percentage Difference
0,Missing Sepal Length,0.9,0.033333333333333326,3.846153846153845
1,Missing Sepal Width,0.8666666666666667,0.0,0.0
2,Missing Petal Length,0.9,0.033333333333333326,3.846153846153845
3,Missing Petal Width,0.8666666666666667,0.0,0.0
