,Full Features,Missing Sepal Length,Missing Sepal Width,Missing Petal Length,Missing Petal Width
Test,0.9,0.9,0.9,0.9333333333333333,0.9333333333333333
Difference,,0.0,0.0,0.033333333333333326,0.033333333333333326
Percentage Difference,,0.0,0.0,3.703703703703703,3.703703703703703
