,Description,Test,Difference,Percentage Difference
1,Missing Sepal Length,0.8666666666666667,0.0,0.0
2,Missing Sepal Width,0.8333333333333334,-0.0333333333333333,-3.846153846153845
3,Missing Petal Length,0.9333333333333332,0.0666666666666666,7.69230769230769
4,Missing Petal Width,0.7333333333333333,-0.1333333333333334,-15.384615384615394
