Description,Test Score,Difference from Full Features,Percentage Difference from Full Features
Full Features,0.8666666666666667,0.0,0.0
Missing Sepal Length,0.8666666666666667,0.0,0.0
Missing Sepal Width,0.8333333333333334,-0.033333333333333326,-3.846153846153845
Missing Petal Length,0.9333333333333333,0.06666666666666665,7.69230769230769
Missing Petal Width,0.7333333333333333,-0.13333333333333341,-15.384615384615394
